PC,Proportion.Variance.Explained
1,0.017245288126502382
2,0.013316304236831654
3,0.00850575327488184
4,0.004261986176644645
5,0.003729836658176242
6,0.0033013617166657537
7,0.003045239939695216
8,0.0027617435404378144
9,0.002455243290592914
10,0.002111176042466281
