PC,Proportion.Variance.Explained
1,0.005654247652178008
2,0.002909815336359568
3,0.0020856510657416938
4,0.0018780067679318834
5,0.0014058363979022413
6,0.0010969905672100668
7,0.001051454658332056
8,0.0010364983740395225
9,0.0009008033505614163
10,0.0007739939660311498
