PC,Proportion.Variance.Explained
1,0.01700415810564993
2,0.013721572795241886
3,0.008685362717204463
4,0.004537118624919836
5,0.0037671991661168006
6,0.0032431305053127776
7,0.0029375737280027416
8,0.002622930536002007
9,0.0025113124207191777
10,0.0021208930603327995
