PC,Proportion.Variance.Explained
1,0.0021414313177479296
2,0.0013319139108478382
3,0.001089032716744969
4,0.0009211931629865713
5,0.0007318247215095262
6,0.0006064600656693214
7,0.0006015522569235834
8,0.0005591906619640665
9,0.000529557681955119
10,0.00046797037107184963
