PC,Proportion.Variance.Explained
1,0.017396214363984416
2,0.013994415335538345
3,0.009055197583400234
4,0.004527036777534896
5,0.00371236194627846
6,0.0032699602049258243
7,0.0030243810232210835
8,0.0028465240700109324
9,0.0026454239394989062
10,0.0025543741971556485
