PC,Proportion.Variance.Explained
1,0.0053487954359107736
2,0.0028653011419201035
3,0.002737896877288054
4,0.0023363800028067478
5,0.002102184690070966
6,0.0017050524299058918
7,0.0014956346515239177
8,0.001408526239988277
9,0.0010838238381093682
10,0.0010051588733749211
