PC,Proportion.Variance.Explained
1,0.017437496685521484
2,0.014229139335825274
3,0.008870861489948303
4,0.004401218804410361
5,0.003813726903815405
6,0.003518489384052313
7,0.003040406778673102
8,0.0026291953749066773
9,0.0025643456050749025
10,0.00219072952676716
