PC,Proportion.Variance.Explained
1,0.002058913633125192
2,0.0015037751649720913
3,0.001360465489702445
4,0.001159426844643657
5,0.0010442718890040991
6,0.00073957264721655
7,0.000695183662389197
8,0.0006492133209102734
9,0.0005630481880596483
10,0.0005507955173240408
